Metric,Value
Accuracy,0.7573529411764706
Precision,0.7943880648798682
Recall,0.7558811558811559
F1 Score,0.7456594044411903
